carblazz/horloge-bois-f1.png	4d83f62c69c88df79c878ea987e19a6c6631c189d8c5b18f15f6abf8711788de	1948806	89504e470d0a1a0a
carblazz/horloge-carbone.png	cac642d68af40fb94462a8bee61e6d65b58c4da47ac579195eb38ccf3a16518c	2456622	89504e470d0a1a0a
carblazz/horloge-compteur.png	06f320e965168bc112d18c03135073534fd085de1670fd60d11f3b0df42a678b	2037440	89504e470d0a1a0a
carblazz/horloge-metal-noir.png	281ddbeef6d91fdd7e0be6d8f3b3ea40184e9d4c0747f416c9c569d632926f97	2233051	89504e470d0a1a0a
carblazz/horloge-metal-rouge.png	33a345eb2e5cb7837120631636afffbbf986ab5062bc1b0ae6d9fe64f64e1dcd	2139576	89504e470d0a1a0a
carblazz/horloge-packaging.png	4d2e2d0e0b50a0116e5a9c09d75bb1e12d050e8c85a8c7159a6c2919dce5538e	1902705	89504e470d0a1a0a
myteaovo/CLEMENCE-POTERIE-VF.png	acfd5278831f7418871ab435be65fe937bb857fc8cbad299904c5856c0063dd1	2407560	89504e470d0a1a0a
myteaovo/myt-av-julie.png	cc4a1fe3d977252d28b0e353dfaa7480221ee6d40b53fdb4791f1f94079d520e	2170887	89504e470d0a1a0a
myteaovo/myt-lieu-salon.png	3989296f795672f6c167d2d7dad246ff1e7ed8d3d14cdd4a4dc754029ae6c0b4	2438808	89504e470d0a1a0a
myteaovo/myt-pr-pot-style1.png	c90a2e4480cf6d056803d2e3171e1cfbee6b95611e90ea688942b247cd9ca1f5	2370182	89504e470d0a1a0a
myteaovo/myt-pr-pot-style2.png	44d204e003cf7694f6fc4a4caadcbac3ba535fd5b697a572170c07ce9cb39486	2433421	89504e470d0a1a0a
myteaovo/myt-pr-pot-style3.png	afa7c84b739034735e0e4b99cdcf825b748cc3909d0b1ab60ab35fc8a18786aa	2218507	89504e470d0a1a0a
myteaovo/myt-prop-plante.png	945de85d5d1fa1a0123e68db0b790dec2ad7ace56376686fd24a28014b0186bb	2532731	89504e470d0a1a0a
onsimplifie/ons-av-clara.png	a28983ebdc822f12dcd153734138cfa3a1615459b9d6509d30276981e97efcf3	2348410	89504e470d0a1a0a
onsimplifie/ons-lieu-sdb.png	2f0cb0cc7d3c9c615b22ead0fc871e1df2c9ba1d6f60e6629b390f9b9940cad4	1971375	89504e470d0a1a0a
onsimplifie/ons-pr-douchechien-blue.png	af8e840cf2a22ef77a53107a8c26487bc43d7812f197c18d1b6c08c0b42f61b2	2077279	89504e470d0a1a0a
onsimplifie/ons-pr-douchechien-gray.png	0e70d69d16258b5b26588ed41b8608ff441358d09db94b3ffdb8d65c468db0fe	1744946	89504e470d0a1a0a
onsimplifie/ons-pr-douchechien-pink.png	77e90853d231c32a7edcf50d6b235f1005b10d4145757e24d0ca589badfc210f	1805342	89504e470d0a1a0a
onsimplifie/ons-prop-chien-golden.png	264070f419b274856578c05609163b0865c553010f4bbd340b8b3dba71acf16a	2477199	89504e470d0a1a0a
onsimplifie/ons-prop-chien-petit.png	8919f49db34db6a6c8d1b6f05e401de2553d5967d3741dd610f29c2bb216a09e	2259568	89504e470d0a1a0a
spiraledazur/CROCHET-BIRKIN-STYLE.png	3e1b427b64e5f3b397603366cf7e0c29529685288d10556827e2cfb4c316091a	2520020	89504e470d0a1a0a
spiraledazur/FOUR-TOUT-BAG.png	01957c7704e2bab10fa31f8acd28d21e53deb1613ebaa205fe97e9f77d7cf6dd	2140762	89504e470d0a1a0a
spiraledazur/GRANDMA-HANDBAG-V2.png	ccdc5743ed1e652d7cfcf0e7cbd429eb7837c68f7effb3e7db5e3d63a55d1c7f	2277185	89504e470d0a1a0a
spiraledazur/HANBAG-REF-3.png	1c0fa0826e0027dbfdc2c73a9b226a22e1222309669b6d68723684cb6cec11b8	1074582	89504e470d0a1a0a
spiraledazur/HANDBAG-AVATARS-REF.png	487142208a9b5d43f604982afb13e532102f6365af932506f1a3ef4597052caa	2357054	89504e470d0a1a0a
spiraledazur/LEMON-BLOSSOM.png	b1e54772581c100b1d637fff210d4b59a9c0240dd7197b49fb9623a2411f53f0	2223626	89504e470d0a1a0a
spiraledazur/MARGUERITE-BLANC.png	5165dedcabc4903e4cc228a1faf065fb5495b9f25888262b5c131796c3410291	2392792	89504e470d0a1a0a
spiraledazur/MARGUERITE-BLEU-MARINE.png	96ffcbb87e5da3ee8639d93f9f7b4bb599f6e11f29a4c94056c8202f59acc462	2608091	89504e470d0a1a0a
spiraledazur/MARGUERITE-JAUNE.png	aa9732d7936ea0bc27612bfda2237b8bf3da37e77c6b83c8b16af16e215fb3ca	2581217	89504e470d0a1a0a
spiraledazur/MARGUERITE-VERT.png	9f56677bca19da6bc13a9f70f388dccb0996580d899641360c4aaef128f6092e	2517334	89504e470d0a1a0a
spiraledazur/MARGUERITE-VIOLET.png	e4870596258b75e1d93a2fa6dbeae14e1efa9cfc7a226ba89620da3af5b8ebde	2618156	89504e470d0a1a0a
spiraledazur/MEUF-HANDBAG-V2.png	c8fa112259cbccefccef1caafd1bda56f6d39cf48debc3bf72fcdca83882fc36	2289750	89504e470d0a1a0a
spiraledazur/MONOPRIX-RAYON.png	45ed9969ba08e28c7a8946cc3eeba5839520b3bb5f0c177e589f09d5b04568c3	7653126	89504e470d0a1a0a
spiraledazur/NEW-HANDBAG-ALL-COLORS.png	16475591031ace40744d7b76136444180e01e95d35716e6d1528e10d3b803d7a	1982154	89504e470d0a1a0a
spiraledazur/SAC-COWGIRL-REF1.png	25cf7387c3a44e2010d12a085cb16322bfccde36269b9c45ad096e871c56ae2f	6531732	89504e470d0a1a0a
spiraledazur/SAC-COWGIRL-REF2.png	157a9c70101ec1ae45b5949a3d7bf9d6e97e339f7ce29ae9fb3c96fafb0d04dd	6359985	89504e470d0a1a0a
spiraledazur/SHELL-BLOOM.png	6bd0f2f937e7a73f8cf111921f32be8e9251aab3be6eaa70cfe0bfe8774087fe	2310619	89504e470d0a1a0a
spiraledazur/SUNSET-RIVIERA.png	e634d261aedcf5e4f71308ca82c2ad6bdf217d9259b0e371890bac5f2208c803	2608644	89504e470d0a1a0a
troputile/tro-av-groupe.png	a2a0a34b9da8861dc6d453d026f9592ff87725fcea02788d7738d00da0282018	2161835	89504e470d0a1a0a
troputile/tro-lieu-appartement-parisien-filles-jour.png	cf77ed02c4215ff891561c7610afd65e9e06935bc3994c9dcd8762334fc88f2e	2574057	89504e470d0a1a0a
troputile/tro-lieu-beach-club-riviera-jour.png	e64a61a957d24abf9a589f531823991535dc2c0732b5f871aaeeb50d368d5d31	2914693	89504e470d0a1a0a
troputile/tro-lieu-cannes-jour.png	ca7b5d9f417367adae7b98e6fedf5da56dd2bf88ee7aeb29c23faec74b0dcec5	2991080	89504e470d0a1a0a
troputile/tro-lieu-cannes.png	32d34c9cab7f93a706c7b97c2062d628c19af06ddac22856c203401d0196fcf8	2754738	89504e470d0a1a0a
troputile/tro-lieu-festival.png	293338affece2d9aec1fb068819433aade52e73116b3d5829c2ffee99fe5675e	2200389	89504e470d0a1a0a
troputile/tro-lieu-la-guerite-jour.png	2e2b666a96f23b58f62f785bceae5c02dc3309d33546e47eb991c9b99f7b4b4f	2829091	89504e470d0a1a0a
troputile/tro-lieu-la-guerite.png	900082260a91dc25c3b8e3acdf4c6e217c820ee537052f1111a6e23038ebd834	2924384	89504e470d0a1a0a
troputile/tro-lieu-plage.png	492452b4c3e218fdf0d93ab9908cfef7cf7b25e1a96e7af7e4352531832eb163	2642367	89504e470d0a1a0a
troputile/tro-lieu-saint-tropez-jour.png	5d8d8b9ab6d5f147337dc63d737515cbdc600e6f14fc901d32697dec2ef7a9ac	2845815	89504e470d0a1a0a
troputile/tro-lieu-saint-tropez.png	c9f14395bf771fc1a25ea3c221780e1c8d7bd32a4835beade19ee644591f0046	2756219	89504e470d0a1a0a
troputile/tro-lieu-soiree-appartement-parisien-filles.png	373c3aa4a94b58d87e1b4639b16dde574a088fa547a895c036fea3ff33244621	2408325	89504e470d0a1a0a
troputile/tro-lieu-solidays-jour.png	9f3c99e89a8bd47d464c9ad6c1d3773c97fcee9a216eef253c537fd1eb4b3213	2849340	89504e470d0a1a0a
troputile/tro-lieu-solidays.png	34b594183ce110cc442267d4f290e077d79633ffc741a40d4c8b806a68e9eaff	2643012	89504e470d0a1a0a
troputile/tro-lieu-tour-eiffel-nuit.png	865b924375372d0730225adc032d87c5104fd1134492c80204ef8b036e9d161f	2434475	89504e470d0a1a0a
troputile/tro-lieu-trocadero-jour.png	e683310918bbee7e51a4606dc0c4035b008e4a1c2d844e0e7344c4f08d620fb8	2711248	89504e470d0a1a0a
troputile/tro-lieu-trocadero-nuit.png	c4d57937aabd9f1d005c0bbc84405ba05843c89d53a293aca99d7d5d7120138c	2606613	89504e470d0a1a0a
troputile/tro-pr-sacboisson-aliexpress.png	c2baeb69437bb154385b3ec1e763f8ab45f252218e857dec91b157317cc62f5c	1893994	89504e470d0a1a0a
troputile/tro-pr-sacboisson-sipsway-coralblue.png	ea9b4a6d7c5fd7409700dd8e12f21e9a9f1cd9b9b9bc7afb0928ac67d822d5af	2134599	89504e470d0a1a0a
troputile/tro-pr-sacboisson-sipsway-coralpink.png	49e75593577b816c2089d16381a41c402001a851990142b04e71f7b26113006e	1990679	89504e470d0a1a0a
troputile/tro-pr-sacboisson-sipsway-midnightcharcoal.png	fcafa71f0b99803b224e4af81451a37440f51321b2ed17c6cd17ef182bdaac50	2094425	89504e470d0a1a0a
